{
  "version": 1,
  "runtime": "Deno/2.1.4 x86_64-unknown-linux-gnu",
  "cpu": "11th Gen Intel(R) Core(TM) i5-1135G7 @ 2.40GHz",
  "benches": [
    {
      "origin": "file:///home/wessel/Desktop/functional/Typescript/levenshteinRatio.bench.ts",
      "group": null,
      "name": "levenshteinRatio - short identical strings",
      "baseline": false,
      "results": [
        {
          "ok": {
            "n": 12649,
            "min": 3.6327,
            "max": 10.4206,
            "avg": 3.956214989327247,
            "p75": 3.9186,
            "p99": 4.544,
            "p995": 4.8992,
            "p999": 6.5981,
            "highPrecision": false,
            "usedExplicitTimers": false
          }
        }
      ]
    },
    {
      "origin": "file:///home/wessel/Desktop/functional/Typescript/levenshteinRatio.bench.ts",
      "group": null,
      "name": "levenshteinRatio - short different strings",
      "baseline": false,
      "results": [
        {
          "ok": {
            "n": 392,
            "min": 124.1409,
            "max": 401.5503,
            "avg": 131.08812755102036,
            "p75": 131.8702,
            "p99": 156.8768,
            "p995": 323.9347,
            "p999": 401.5503,
            "highPrecision": false,
            "usedExplicitTimers": false
          }
        }
      ]
    },
    {
      "origin": "file:///home/wessel/Desktop/functional/Typescript/levenshteinRatio.bench.ts",
      "group": null,
      "name": "levenshteinRatio - short similar strings",
      "baseline": false,
      "results": [
        {
          "ok": {
            "n": 170,
            "min": 302.1142,
            "max": 649.806,
            "avg": 316.5406635294118,
            "p75": 314.0012,
            "p99": 568.1605,
            "p995": 649.806,
            "p999": 649.806,
            "highPrecision": false,
            "usedExplicitTimers": false
          }
        }
      ]
    },
    {
      "origin": "file:///home/wessel/Desktop/functional/Typescript/levenshteinRatio.bench.ts",
      "group": null,
      "name": "levenshteinRatio - long identical strings",
      "baseline": false,
      "results": [
        {
          "ok": {
            "n": 12403,
            "min": 3.5941,
            "max": 8.0096,
            "avg": 4.034833967588462,
            "p75": 4.0135,
            "p99": 4.437,
            "p995": 4.6021,
            "p999": 5.3918,
            "highPrecision": false,
            "usedExplicitTimers": false
          }
        }
      ]
    },
    {
      "origin": "file:///home/wessel/Desktop/functional/Typescript/levenshteinRatio.bench.ts",
      "group": null,
      "name": "levenshteinRatio - long different strings",
      "baseline": false,
      "results": [
        {
          "ok": {
            "n": 62,
            "min": 9606586.0,
            "max": 12231159.0,
            "avg": 9783663.0,
            "p75": 9733013.0,
            "p99": 12231159.0,
            "p995": 12231159.0,
            "p999": 12231159.0,
            "highPrecision": true,
            "usedExplicitTimers": false
          }
        }
      ]
    },
    {
      "origin": "file:///home/wessel/Desktop/functional/Typescript/levenshteinRatio.bench.ts",
      "group": null,
      "name": "levenshteinRatio - long partially similar strings",
      "baseline": false,
      "results": [
        {
          "ok": {
            "n": 58,
            "min": 10431719.0,
            "max": 14382130.0,
            "avg": 10601248.0,
            "p75": 10551808.0,
            "p99": 14382130.0,
            "p995": 14382130.0,
            "p999": 14382130.0,
            "highPrecision": true,
            "usedExplicitTimers": false
          }
        }
      ]
    }
  ]
}
